{"high_score": 92.64331817626953, "best_run": {"score": 92.64331817626953, "time_used": 17019.0, "n_measurements": 279}}